<?xml version="1.0" encoding="UTF-8"?>

<mule xmlns:file="http://www.mulesoft.org/schema/mule/file" xmlns:db="http://www.mulesoft.org/schema/mule/db" xmlns="http://www.mulesoft.org/schema/mule/core" xmlns:doc="http://www.mulesoft.org/schema/mule/documentation"
	xmlns:spring="http://www.springframework.org/schema/beans" 
	xmlns:xsi="http://www.w3.org/2001/XMLSchema-instance"
	xsi:schemaLocation="http://www.springframework.org/schema/beans http://www.springframework.org/schema/beans/spring-beans-current.xsd
http://www.mulesoft.org/schema/mule/core http://www.mulesoft.org/schema/mule/core/current/mule.xsd
http://www.mulesoft.org/schema/mule/file http://www.mulesoft.org/schema/mule/file/current/mule-file.xsd
http://www.mulesoft.org/schema/mule/db http://www.mulesoft.org/schema/mule/db/current/mule-db.xsd">
    <db:mysql-config name="MySQL_Configuration" host="localhost" port="3306" user="root" password="12345" database="muletest" doc:name="MySQL Configuration"/>
    <db:mysql-config name="MySQL_Configuration1" host="localhost" port="3306" user="root" password="12345" database="muletest" doc:name="MySQL Configuration"/>
    <db:template-query name="Template_Query" doc:name="Template Query">
        <db:parameterized-query file="D:\tmp\data.csv"/>
    </db:template-query>
    <flow name="transfermationsFlow">
        <file:inbound-endpoint path="D:\tmp" responseTimeout="10000" doc:name="File"/>
        <object-to-string-transformer doc:name="Object to String"/>
        <splitter expression="#[StringUtils.split(message.payload,'\n\r')]" doc:name="Splitter"/>
        <expression-component doc:name="Expression"><![CDATA[#[StringUtils.split(message.payload, ',' )]]]></expression-component>
        <db:insert config-ref="MySQL_Configuration1" doc:name="Database">
            <db:dynamic-query><![CDATA[insert into dataexcange values('tttttt',11)]]></db:dynamic-query>
        </db:insert>
    </flow>
</mule>
