<?xml version="1.0" encoding="UTF-8"?>

<mule xmlns:vm="http://www.mulesoft.org/schema/mule/vm" xmlns:tracking="http://www.mulesoft.org/schema/mule/ee/tracking" xmlns:http="http://www.mulesoft.org/schema/mule/http" xmlns="http://www.mulesoft.org/schema/mule/core" xmlns:doc="http://www.mulesoft.org/schema/mule/documentation"
	xmlns:spring="http://www.springframework.org/schema/beans" 
	xmlns:xsi="http://www.w3.org/2001/XMLSchema-instance"
	xsi:schemaLocation="http://www.springframework.org/schema/beans http://www.springframework.org/schema/beans/spring-beans-current.xsd
http://www.mulesoft.org/schema/mule/core http://www.mulesoft.org/schema/mule/core/current/mule.xsd
http://www.mulesoft.org/schema/mule/http http://www.mulesoft.org/schema/mule/http/current/mule-http.xsd
http://www.mulesoft.org/schema/mule/vm http://www.mulesoft.org/schema/mule/vm/current/mule-vm.xsd
http://www.mulesoft.org/schema/mule/ee/tracking http://www.mulesoft.org/schema/mule/ee/tracking/current/mule-tracking-ee.xsd">
    <http:listener-config name="HTTP_Listener_Configuration" host="localhost" port="9999" doc:name="HTTP Listener Configuration"/>
    <flow name="messagesplitterchunkerFlow">
        <http:listener config-ref="HTTP_Listener_Configuration" path="/" doc:name="HTTP"/>
        <response>
            <object-to-string-transformer doc:name="Object to String"/>
        </response>
        <component class="com.caps.messag.Collect" doc:name="Java"/>
        <collection-splitter doc:name="Collection Splitter"/>
        <vm:outbound-endpoint exchange-pattern="one-way" path="inn" doc:name="VM"/>
    </flow>
    <flow name="Flow2">
        <vm:inbound-endpoint exchange-pattern="one-way" path="inn" doc:name="VM"/>
        <append-string-transformer message="msg pushing" doc:name="Append String"/>
        <logger message="Flow 2 #[payload]" level="INFO" doc:name="Logger"/>
        <collection-aggregator failOnTimeout="true" doc:name="Collection Aggregator"/>
        <logger level="INFO" doc:name="Logger" message="#[payload]................................"/>
    </flow>
</mule>
