<?xml version="1.0" encoding="UTF-8"?>

<mule xmlns:http="http://www.mulesoft.org/schema/mule/http" xmlns:scripting="http://www.mulesoft.org/schema/mule/scripting" xmlns="http://www.mulesoft.org/schema/mule/core" xmlns:doc="http://www.mulesoft.org/schema/mule/documentation"
	xmlns:spring="http://www.springframework.org/schema/beans" 
	xmlns:xsi="http://www.w3.org/2001/XMLSchema-instance"
	xsi:schemaLocation="http://www.springframework.org/schema/beans http://www.springframework.org/schema/beans/spring-beans-current.xsd
http://www.mulesoft.org/schema/mule/core http://www.mulesoft.org/schema/mule/core/current/mule.xsd
http://www.mulesoft.org/schema/mule/http http://www.mulesoft.org/schema/mule/http/current/mule-http.xsd
http://www.mulesoft.org/schema/mule/scripting http://www.mulesoft.org/schema/mule/scripting/current/mule-scripting.xsd">
    <http:listener-config name="HTTP_Listener_Configuration1" host="0.0.0.0" port="3333" doc:name="HTTP Listener Configuration"/>
    <byte-array-to-string-transformer name="Byte_Array_to_String" doc:name="Byte Array to String"/>
    <flow name="javascriptconnectFlow">
        <http:listener config-ref="HTTP_Listener_Configuration1" path="/test" allowedMethods="GET,POST" doc:name="HTTP"/>
        <byte-array-to-string-transformer doc:name="Byte Array to String"/>
        <scripting:component doc:name="JavaScript">
            <scripting:script engine="JavaScript"><![CDATA[var list = eval("(" +payload+ ")");
var sum =0;
for(var i in list)
sum +=list[i];
payload=sum;]]></scripting:script>
        </scripting:component>
        <logger message="The out put is ---&gt; #[payload]" level="INFO" doc:name="Logger"/>
        <set-payload value="The out put is #[payload]" doc:name="Set Payload"/>
    </flow>
</mule>
