<?xml version="1.0" encoding="UTF-8"?>

<mule xmlns:http="http://www.mulesoft.org/schema/mule/http" xmlns="http://www.mulesoft.org/schema/mule/core" xmlns:doc="http://www.mulesoft.org/schema/mule/documentation"
	xmlns:spring="http://www.springframework.org/schema/beans" 
	xmlns:xsi="http://www.w3.org/2001/XMLSchema-instance"
	xsi:schemaLocation="http://www.springframework.org/schema/beans http://www.springframework.org/schema/beans/spring-beans-current.xsd
http://www.mulesoft.org/schema/mule/core http://www.mulesoft.org/schema/mule/core/current/mule.xsd
http://www.mulesoft.org/schema/mule/http http://www.mulesoft.org/schema/mule/http/current/mule-http.xsd">
    <http:listener-config name="HTTP_Listener_Configuration" host="0.0.0.0" port="3334" doc:name="HTTP Listener Configuration"/>
    <flow name="multiplecomponantFlow">
        <http:listener config-ref="HTTP_Listener_Configuration" path="/test" allowedMethods="GET,POST" doc:name="HTTP"/>
        <set-payload doc:name="Set Payload" value="#[['fav_animal':'testanimal','fav_color':'blue','fav_day':'today','ext_col':'today']]"/>
        <expression-component doc:name="Expression"><![CDATA[message.payload.fav_day=server.dateTime.format('EEEE')
message.payload.ext_col=server.dateTime.format(getDayOfYear())]]></expression-component>
        <logger level="INFO" doc:name="Logger" message="#[message.payload]"/>
    </flow>
</mule>
