<?xml version="1.0" encoding="UTF-8"?>

<mule xmlns:http="http://www.mulesoft.org/schema/mule/http" xmlns:tracking="http://www.mulesoft.org/schema/mule/ee/tracking" xmlns="http://www.mulesoft.org/schema/mule/core" xmlns:doc="http://www.mulesoft.org/schema/mule/documentation"
	xmlns:spring="http://www.springframework.org/schema/beans" 
	xmlns:xsi="http://www.w3.org/2001/XMLSchema-instance"
	xsi:schemaLocation="http://www.springframework.org/schema/beans http://www.springframework.org/schema/beans/spring-beans-current.xsd
http://www.mulesoft.org/schema/mule/core http://www.mulesoft.org/schema/mule/core/current/mule.xsd
http://www.mulesoft.org/schema/mule/http http://www.mulesoft.org/schema/mule/http/current/mule-http.xsd
http://www.mulesoft.org/schema/mule/ee/tracking http://www.mulesoft.org/schema/mule/ee/tracking/current/mule-tracking-ee.xsd">
    <http:listener-config name="HTTP_Listener_Configuration" host="localhost" port="8087" doc:name="HTTP Listener Configuration"/>
    <flow name="ChoiceRoutingAppFlow">
        <http:listener config-ref="HTTP_Listener_Configuration" path="/route" doc:name="HTTP"/>
        <choice doc:name="Choice">
            <when expression="#[message.inboundProperties.'http.query.params'.username == empty]">
                <set-payload value="Sorry #['NO User Provided']" doc:name="Set Payload False"/>
            </when>
            <otherwise >
                <set-payload value="Hello #[message.inboundProperties.'http.query.params'.username]" doc:name="Set Payload TRUE"/>
            </otherwise>
        </choice>
    </flow>
</mule>
